"EMAIL","FIRST_NAME","LAST_NAME","ADDRESS_LINE_1","ADDRESS_LINE_2","CITY","STATE_PROVINCE_REGION","POSTAL_CODE","COUNTRY","ALTERNATE_EMAILS","PHONE_NUMBER","WHATSAPP","LINE","FACEBOOK","UNIQUE_NAME","CREATED_AT","UPDATED_AT","CONTACT_ID","ProfileSubmitDate","DocumentReceived","CBFinAidID","PreferredName","AwardYear","AwardYearText","IDOCEnabled","OrganizationName","ProfileFileAvailable","PHONE_NUMBER_ID","EXTERNAL_ID","ANONYMOUS_ID"
"d6927-ind@yopmail.com","Mark","D6927-Ind",,,,,,,,,,,,,"2024-07-15T16:10:05Z","2024-07-15T16:10:35Z","b1029e70-1189-419a-9af7-5f2b1795e3fc",,,"ZAARSMG","Mark","2026","2025-26","Y",,,,,
"b15008-inas1@yopmail.com","Mark","B15008-Inas1",,,,,,,,,,,,,"2024-07-17T21:45:06Z","2024-07-17T22:00:36Z","23b291f1-bd0c-4277-ad45-5e5e57329a06",,,"ZAARSNB","Mark","2026","2025-26","Y",,,,,
"sidejobacornhha@yopmail.com","Side Job","Acorn",,,,,,,,,,,,,"2024-08-14T20:10:03Z","2024-08-14T20:10:33Z","56195f6f-247b-4489-ac2e-c672437b388c",,,"ZAARSPU","Side Job","2026","2025-26","Y",,,,,
"kbjune17test1@yopmail.com","KBJune17Test1","KBJune17Test1",,,,,,,,,,,,,"2024-06-17T18:00:07Z","2024-06-21T15:30:37Z","416b6740-bd9f-4e4b-982d-79c2ec0bb247",,,"ZAARSK2","kbjune17Test1","2026","2025-26","Y",,,,,
"b14896-1@yopmail.com","Mark","B14896-1",,,,,,,,,,,,,"2024-06-26T16:20:04Z","2024-06-26T16:20:34Z","7921fcab-181b-4f9c-a74f-0bf56b79215e",,,"ZAARSKY","Mark","2026","2025-26","Y",,,,,
"toddboard@yopmail.com","Todd","Board",,,,,,,,,,,,,"2024-06-07T14:00:07Z","2024-06-21T15:30:37Z","a6cd9486-756d-461a-b6e9-f903413ef39b",,,"ZAARSJE","Todd","2026","2025-26","Y",,,,,
"mkram812@yopmail.com","mtestadopt","Mtestadopt",,,,,,,,,,,,,"2024-08-12T16:00:07Z","2024-08-12T16:10:39Z","412802f0-8d99-4a97-a1de-214988045b9d",,,"ZAARSP8","mtestadopt","2026","2025-26","Y",,,,,
"indeptransfer@yopmail.com","Dad","Acorn",,,,,,,,,,,,,"2024-07-22T15:30:05Z","2024-07-22T15:30:36Z","c5a878b1-369d-4f17-958b-26a549e74b58",,,"ZAAR9Q1","IndepTransfer","2026","2025-26","Y",,,,,
"janetest3@mailinator.com","Jane","Test3",,,,,,,,,,,,,"2024-05-22T10:03:42Z","2024-07-15T23:18:25Z","b3906db0-09af-43ba-a71b-4a9b931e5d96","2024-07-09T17:59:19Z",,"ZAARSIM","Jane","2026","2025-26",,,,,,
"mkram807@yopmail.com","mtestefnar","mtestefnar",,,,,,,,,,,,,"2024-08-07T18:33:10Z","2024-08-08T23:18:04Z","e4667a39-e447-48e8-8957-b00c46bf19e4","2024-08-08T14:19:44Z",,"ZAARSP5","mtestefnar","2026","2025-26",,,,,,
"mkram6193@yopmail.com","mktest3","Mktest3",,,,,,,,,,,,,"2024-06-19T18:19:09Z","2024-06-21T15:30:37Z","ae10dd29-b9d9-494e-87d7-7107d85dea2e","2024-06-19T18:33:04Z",,"ZAARSKJ","mktest3","2026","2025-26","Y",,,,,
"farmboard@yopmail.com","Farm","Board",,,,,,,,,,,,,"2024-06-04T10:03:47Z","2024-06-21T17:18:51Z","7002661d-7acd-4476-8bcb-4f882130ae24","2024-06-06T21:07:49Z","2024-06-20T04:00:00Z","ZAARS9M","Farm","2026","2025-26","Y",,,,,
"businessboard@yopmail.com","Business Board","Board",,,,,,,,,,,,,"2024-05-31T13:50:04Z","2024-06-21T17:18:51Z","cae8cf5d-d4ab-468d-b6ac-90055109f029",,"2024-06-20T04:00:00Z","B00003V","Buzz","2026","2025-26","Y",,,,,
"sueboard@yopmail.com","Sue","Board",,,,,,,,,,,,,"2024-06-06T16:00:07Z","2024-06-21T15:30:37Z","ef9be0a2-6db2-46c0-8fc3-4d6ef67db36d",,,"ZAARSJA","Sue","2026","2025-26","Y",,,,,
"pierreboard@yopmail.com","PIerre","Board",,,,,,,,,,,,,"2024-05-31T16:00:05Z","2024-06-21T17:18:51Z","e24465b0-e99c-4abd-9b7f-cba5baef6594",,"2024-06-20T04:00:00Z","ZAAR9AT","PIerre","2026","2025-26","Y",,,,,
"kbjune9testing@yopmail.com","KBJune9Testing","KBJune9Testing",,,,,,,,,,,,,"2024-05-16T18:30:08Z","2024-06-21T15:30:37Z","902c3830-d724-40a0-ba76-d3de8591a4b3",,,"ZAARSIE","KBJune9Preferred","2026","2025-26","Y",,,,,
"mkram6183@yopmail.com","maddietest3","Maddietest3",,,,,,,,,,,,,"2024-06-18T19:18:40Z","2024-06-21T15:30:37Z","83afaaf2-30ef-44f3-83bf-e99687a6f4d3","2024-06-18T19:20:31Z",,"ZAARSKG","maddietest3","2026","2025-26","Y",,,,,
"gaff4@yopmail.com","Eric","Gaff4",,,,,,,,,,,,,"2024-06-28T20:04:11Z","2024-07-10T16:18:45Z","195241d0-7dd5-44ce-90a8-6a58488ae30c",,,"ZAARSLJ","Eric","2026","2025-26",,,,,,
"stest87@yopmail.com","Test87","Last87",,,,,,,,,,,,,"2024-07-15T16:10:05Z","2024-08-22T13:42:45Z","54b9beef-db94-4a16-b908-ae3506c953c8","2024-07-11T17:56:24Z",,"ZAARSM1","Test87","2026","2025-26",,,,,,
"b15176-fp@yopmail.com","Mark","B15176-Fp",,,,,,,,,,,,,"2024-06-19T16:00:06Z","2024-06-21T15:30:37Z","76de15cd-0f11-4ba8-bb18-48e47f126af1",,,"ZAARSKI","Mark","2026","2025-26","Y",,,,,
"mintl711@yopmail.com","mintl","Mintl",,,,,,,,,,,,,"2024-07-15T16:10:05Z","2024-07-15T16:10:35Z","2cecebb2-755d-4459-8a16-1f66f0c3c3f2",,,"ZAARSME","mintl","2026","2025-26","Y",,,,,
"b13385-26@yopmail.com","Mark","B13385-26",,,,,,,,,,,,,"2024-04-30T17:00:05Z","2024-06-21T17:18:51Z","e9684548-5387-42f8-ac7d-98702ec27483",,"2024-05-16T04:00:00Z","ZAARSHR","Mark","2026","2025-26","Y",,,,,
"b15139-col@yopmail.com","Mark","B15139-Col",,,,,,,,,,,,,"2024-06-18T20:49:09Z","2024-06-21T15:30:37Z","de37ee22-0aa3-4297-b586-dfd5ed162a67","2024-06-18T21:02:33Z",,"ZAARSK7","Mark","2026","2025-26","Y",,,,,
"kb624test1@yopmail.com","KB624Test1","KB624Test1",,,,,,,,,,,,,"2024-06-24T22:03:12Z","2024-06-25T03:18:26Z","d8386ed0-28f5-4499-bc7a-7c1d420f6c00","2024-06-24T22:07:17Z",,"ZAARSKT","KB624Test1Pref","2026","2025-26","Y",,,,,
"b14901-1@yopmail.com","Mark","B14901-1",,,,,,,,,,,,,"2024-05-08T10:00:08Z","2024-05-08T10:00:38Z","eb59a690-cf17-4b30-b90b-87905922d4e1",,,"ZAARS8W",,"2026","2025-26",,,,,,
"kbjune11test1@yopmail.com","KBJune11Test1","KBJune11Test1",,,,,,,,,,,,,"2024-06-11T15:33:40Z","2024-06-21T15:30:37Z","eaf3aad9-63ab-4f24-aa0c-0c8e273ea9d0","2024-06-11T15:41:24Z",,"ZAARSJM","KBJune11Test1","2026","2025-26","Y",,,,,
"stest82@yopmail.com","Test82","Last82",,,,,,,,,,,,,"2024-06-10T19:00:06Z","2024-06-21T15:30:37Z","a0a33134-2db3-4f49-948f-5e1065263bc3",,,"ZAARSJI","Test82","2026","2025-26","Y",,,,,
"kb622test1@yopmail.com","KB622Test1","KB622Test1",,,,,,,,,,,,,"2024-06-23T00:20:03Z","2024-06-23T00:20:33Z","b90969d6-27d5-4cdc-b49d-949f0ea3d45f",,,"ZAARSKQ","KB622Test1Pref","2026","2025-26","Y",,,,,
"stest90@yopmail.com","Test89","Last89",,,,,,,,,,,,,"2024-07-22T18:00:08Z","2024-08-22T13:42:45Z","6f9ef1a9-0693-484c-8ef4-0d9bb879ab1f","2024-07-22T18:07:41Z",,"ZAARSN3","Test89","2026","2025-26",,,,,,
"stest80@yopmail.com","Student","Test80",,,,,,,,,,,,,"2024-05-22T10:03:42Z","2024-05-22T10:04:12Z","2780aa53-06f0-4526-beaf-8ce60b2b5c89",,,"ZAARSIQ",,"2026","2025-26",,,,,,
"b14936-1@yopmail.com","Mark","B14936-1",,,,,,,,,,,,,"2024-08-09T15:34:42Z","2024-08-10T06:18:20Z","02675229-62a4-45e9-b75d-8126d2212f16","2024-08-09T15:31:28Z",,"ZAARSPG","Mark","2026","2025-26",,,,,,
"ginaacornhha@yopmail.com","Gina","Acorn",,,,,,,,,,,,,"2024-08-09T16:33:41Z","2024-08-10T06:18:20Z","c91227ca-f21c-4445-a794-dea298671f02","2024-08-09T16:41:58Z",,"ZAARSP7","Gina","2026","2025-26",,,,,,
"b14934-int2116@yopmail.com","Mark","B14934-Int2116",,,,,,,,,,,,,"2024-08-13T17:30:07Z","2024-08-13T20:18:47Z","b164edf0-142b-4de0-b0f9-1d4105afffd4","2024-08-13T17:27:00Z",,"ZAARSPL","Mark","2026","2025-26","Y",,,,,
"form@yopmail.com","form","Acorn",,,,,,,,,,,,,"2024-07-15T16:10:05Z","2024-07-16T07:33:16Z","24ffc35a-fecf-45ce-9d9a-9686a6439011",,"2024-07-08T04:00:00Z","ZAARSLS","form","2026","2025-26","Y",,,,,
"mkramauto9@yopmail.com","mkauto9","Mkauto9",,,,,,,,,,,,,"2024-06-27T15:30:06Z","2024-06-27T15:30:36Z","67d69402-ec54-4348-88b0-8fd3b14f631f",,,"ZAARSLG","mkauto9","2026","2025-26","Y",,,,,
"b0001-a@yopmail.com","Mark","B0001",,,,,,,,,,,,,"2024-05-29T19:50:04Z","2024-06-21T15:30:37Z","74d1d8a3-993b-494c-83cc-9c10457e27c8",,,"ZAARS9C","Mark","2026","2025-26","Y",,,,,
"b14934-doment@yopmail.com","Mark","B14934-DomEnt",,,,,,,,,,,,,"2024-08-21T19:15:06Z","2024-08-22T02:18:09Z","e2e20887-8ac7-4941-95c0-fc30c40cca24","2024-08-21T19:08:30Z",,"ZAARSQG","Mark","2026","2025-26","Y",,,,,
"b14956-2@yopmail.com","Mark","B14956-2",,,,,,,,,,,,,"2024-05-08T16:40:04Z","2024-06-21T15:30:37Z","2932c798-7527-4205-b6ad-b9b9d545adda",,,"ZAARSIA","Mark","2026","2025-26","Y",,,,,
"interentering@yopmail.com","interentering","Acorn",,,,,,,,,,,,,"2024-08-20T15:10:04Z","2024-08-20T15:10:34Z","a0f02e42-40f4-4a4f-b52a-8d00ad94129d",,,"ZAARSPZ","interentering","2026","2025-26","Y",,,,,
"indiaglobal@yopmail.com","India","Global",,,,,,,,,,,,,"2024-05-31T16:20:03Z","2024-06-21T15:30:37Z","304dc5c8-7e96-4673-95fe-d8c2458acd66",,,"ZAARS95","India","2026","2025-26","Y",,,,,
"b14934-2116@yopmail.com","Mark","B14934-2116",,,,,,,,,,,,,"2024-08-13T16:30:08Z","2024-08-13T16:40:34Z","87a57b3b-7f37-4622-a1c9-02f5e75d1182",,,"ZAARSPK","Mark","2026","2025-26","Y",,,,,
"addieboard@yopmail.com","Adelaide","Board",,,,,,,,,,,,,"2024-05-30T16:40:03Z","2024-06-21T15:30:37Z","d03aacc7-319f-42b9-b1bf-0c0805360d55",,,"ZAAR917","Addie","2026","2025-26","Y",,,,,
"efnar819@yopmail.com","efnar819","efnar819",,,,,,,,,,,,,"2024-08-19T14:17:39Z","2024-08-20T01:18:30Z","c21bc987-6a21-4c9a-9d81-00bf8345a077","2024-08-19T14:45:24Z",,"ZAARSPX","efnar819","2026","2025-26",,,,,,
"b14894-6@yopmail.com","Mark","B14894-6",,,,,,,,,,,,,"2024-05-04T10:00:05Z","2024-08-22T13:42:45Z","a54c7a70-55cb-4611-9945-eb2c4416f21f",,,"ZAARS85","Mark","2026","2025-26",,,,,,
"b14894-r3x@yopmail.com","Mark","B14894-R3x",,,,,,,,,,,,,"2024-05-03T17:50:03Z","2024-06-21T15:30:37Z","35a8d6eb-489f-4164-a336-b4752cf9cfbd",,,"ZAARS8S","Mark","2026","2025-26","Y",,,,,
"domesticreturn@yopmail.com","domesticreturn","Acorn",,,,,,,,,,,,,"2024-08-20T15:10:04Z","2024-08-20T15:10:34Z","974d2509-b35d-4b77-9e11-c825108fd494",,,"ZAARSQ1","domesticreturn","2026","2025-26","Y",,,,,
"b14894-7terr@yopmail.com","Mark","B14894-7Terr",,,,,,,,,,,,,"2024-05-04T10:00:05Z","2024-05-04T10:00:35Z","a3f170e4-2449-4b1c-b5bd-ad8ab8b745cc",,,"ZAARS8H",,"2026","2025-26",,,,,,
"esub@yopmail.com","esub","Acorn",,,,,,,,,,,,,"2024-04-30T17:00:05Z","2024-06-21T17:18:51Z","89fa52ff-52c3-47d9-adaa-2c234fe63a00",,"2024-04-23T04:00:00Z","ZAARSHP","esub2","2026","2025-26","Y",,,,,
"b14900-617@yopmail.com","Mark","B14900-617",,,,,,,,,,,,,"2024-06-17T17:50:03Z","2024-06-21T15:30:37Z","5f938280-29ca-4914-90ee-7f9dfd60b013",,,"ZAARSK1","Mark","2026","2025-26","Y",,,,,
"mkram625@yopmail.com","mktest6","Mktest6",,,,,,,,,,,,,"2024-06-25T13:50:04Z","2024-06-25T13:50:34Z","4f6f9339-d314-4e6b-ba24-cbdbbd67e9fc",,,"ZAARSKU","mktest6","2026","2025-26","Y",,,,,
"mkramne@yopmail.com","mtestne","Mtestne",,,,,,,,,,,,,"2024-08-15T17:33:42Z","2024-08-15T18:18:30Z","0ba2ed85-db24-42ec-83b3-fd9e4f0f0f04","2024-08-15T17:42:46Z",,"ZAARSPW","mtestne","2026","2025-26","Y",,,,,
"efnar822@yopmail.com","efnar822","Efnar822",,,,,,,,,,,,,"2024-08-22T18:40:04Z","2024-08-22T18:40:34Z","0a4269e3-9ba4-49ad-9c97-c88c321e89e2",,,"ZAARSQI","efnar822","2026","2025-26","Y",,,,,
"samuelboard@yopmail.com","Samuel","Board",,,,,,,,,,,,,"2024-05-30T17:20:03Z","2024-06-21T15:30:37Z","600f8c47-250b-456f-ab2b-6a57a3982949",,,"ZAAR9VQ","Sam","2026","2025-26","Y",,,,,
"b14894-8a@yopmail.com","Mark","B14894-8A",,,,,,,,,,,,,"2024-05-04T10:00:05Z","2024-05-04T10:00:35Z","ceb1d4c5-4b4d-45db-862f-91ca9fc88c55",,,"ZAARS8J",,"2026","2025-26",,,,,,
"b15013-5a@yopmail.com","Mark","B15013-5",,,,,,,,,,,,,"2024-08-07T15:15:05Z","2024-08-22T13:42:45Z","f7943ef5-8057-4031-8403-2128e446f6a8","2024-08-07T15:32:57Z",,"ZAARSP4","Mark","2026","2025-26",,,,,,
"deptransfer@yopmail.com","Mom","Acorn",,,,,,,,,,,,,"2024-07-22T15:30:05Z","2024-07-22T15:30:36Z","e21333c4-0a2a-4d0b-b91a-9960f8c69ca2",,,"ZAAR9QC","DepTransfer","2026","2025-26","Y",,,,,
"returnindeprestrict@yopmail.com","Dad","Acorn",,,,,,,,,,,,,"2024-07-22T15:30:05Z","2024-07-22T15:30:36Z","5a36d98f-f2d0-448d-bc8b-b7d32e2a8176",,,"ZAAR9QF","ReturnIndepRestrict","2026","2025-26","Y",,,,,
"johnnyboard@yopmail.com","Johnny","Board",,,,,,,,,,,,,"2024-06-07T14:30:06Z","2024-06-21T15:30:37Z","049be3ff-7791-4821-a24a-a0884aff4994",,,"ZAARSJF","John","2026","2025-26","Y",,,,,
"mkram8142@yopmail.com","mkram814-2","Mkram814-2",,,,,,,,,,,,,"2024-08-14T18:00:08Z","2024-08-15T03:18:19Z","ea165627-25e5-4a50-b511-37022bdad6d1","2024-08-14T17:59:03Z",,"ZAARSPR","mkram814-2","2026","2025-26","Y",,,,,
"kristenboard@yopmail.com","Kristen","Board",,,,,,,,,,,,,"2024-05-31T13:20:04Z","2024-06-21T15:30:37Z","92e83927-8c5a-438b-aef1-000e6ba48f38",,,"ZAAR9VW","Kitty","2026","2025-26","Y",,,,,
"stest85@yopmail.com","Test85","Last85",,,,,,,,,,,,,"2024-07-03T16:50:04Z","2024-07-03T16:50:34Z","ad3d5d8f-1426-4565-ac8d-bbbfe635c021",,,"ZAARSLQ","Testy85","2026","2025-26","Y",,,,,
"b14932-1@yopmail.com","Mark","B14932-1",,,,,,,,,,,,,"2024-06-27T18:15:05Z","2024-06-27T18:20:33Z","07635547-ad08-4fba-8571-04baf9f13587","2024-06-27T18:14:27Z",,"ZAARSL8","Mark","2026","2025-26","Y",,,,,
"b14984-1@yopmail.com","Mark","B14984-1",,,,,,,,,,,,,"2024-04-30T17:00:05Z","2024-06-21T15:30:37Z","beff71bd-72d8-4b8c-9fa8-8b79b40466cf",,,"ZAARS7Q","Mark","2026","2025-26","Y",,,,,
"returnsturestrict@yopmail.com","Dad","Acorn",,,,,,,,,,,,,"2024-07-22T15:30:05Z","2024-07-22T15:30:36Z","93b6ca00-5eb8-4485-9702-6b68e9bb4c7c",,,"ZAAR9PZ","ReturnstuRestrict","2026","2025-26","Y",,,,,
"kbjune10testing@yopmail.com","KBJune10Testing","KBJune10Testing",,,,,,,,,,,,,"2024-05-16T22:40:04Z","2024-06-21T15:30:37Z","1cdd5fc7-ec8b-4906-b1dd-5605f2147338",,,"ZAARSIF","KBJune10Testing","2026","2025-26","Y",,,,,
"stest77@yopmail.com","Student","Test77",,,,,,,,,,,,,"2024-05-20T17:40:04Z","2024-08-22T13:42:45Z","d7732612-c910-419b-96c6-3c5e87b94ef6","2024-05-20T17:34:42Z",,"ZAARSII","Stu","2026","2025-26",,,,,,
"denverboard@yopmail.com","Denver","Board",,,,,,,,,,,,,"2024-05-31T15:30:07Z","2024-06-21T17:18:51Z","1f2eda1e-5057-44f7-8d77-18de0dceeea4",,"2024-06-20T04:00:00Z","ZAARLV5","Denver","2026","2025-26","Y",,,,,
"natalieboard@yopmail.com","Natalie","Board",,,,,,,,,,,,,"2024-05-30T21:00:07Z","2024-06-21T15:30:37Z","718c9099-0975-426f-8a56-d37981e0d134",,,"ZAARLVG","Nat","2026","2025-26","Y",,,,,
"b14958-2l@yopmail.com","Mark","B14958-2l",,,,,,,,,,,,,"2024-04-30T17:00:05Z","2024-07-10T00:18:54Z","4ff64c15-eb75-457d-a0d3-39efafca2a52",,,"ZAARSHU","Mark","2026","2025-26","Y",,,,,
"intertransfer@yopmail.com","intertransfer","Acorn",,,,,,,,,,,,,"2024-08-20T15:10:04Z","2024-08-20T15:10:34Z","80f1f6b9-f705-489a-83e5-9f7b9b231d33",,,"ZAARSQ2","intertransfer","2026","2025-26","Y",,,,,
"drew@mailinator.com","Barry","Walker",,,,,,,,,,,,,"2024-07-31T17:18:10Z","2024-08-01T17:18:58Z","05c49634-e985-4163-87eb-d38033cee572","2024-07-31T17:33:12Z",,"ZAARSNR","Drew","2026","2025-26",,,,,,
"b14956-1@yopmail.com","Mark","B14956-1",,,,,,,,,,,,,"2024-05-08T15:50:04Z","2024-06-21T15:30:37Z","4807b563-d104-4ce0-afa4-062818716c47",,,"ZAARS8Z","Mark","2026","2025-26","Y",,,,,
"b14894-4cor@yopmail.com","Mark","B14894-4Cor",,,,,,,,,,,,,"2024-04-30T17:00:05Z","2024-06-21T17:18:51Z","e09a738c-4fee-4f98-a8fd-6671a1e53842",,"2024-06-20T04:00:00Z","ZAARS83","Mark","2026","2025-26","Y",,,,,
"mkram813@yopmail.com","mtest813","Mtest813",,,,,,,,,,,,,"2024-08-13T19:03:42Z","2024-08-14T15:40:34Z","f58e6911-2283-46fc-bc0c-b339ff3fbd66",,,"ZAARSPM","mtest813","2026","2025-26","Y",,,,,
"dylanacornhha@yopmail.com","Dylan","Acorn",,,,,,,,,,,,,"2024-08-05T16:04:11Z","2024-08-10T06:18:20Z","181cab50-c3a0-426d-8fc9-12f94e1b4e19","2024-08-09T15:40:47Z",,"ZAARSPA","Dylan","2026","2025-26",,,,,,
"connerboard@yopmail.com","Conner","Board",,,,,,,,,,,,,"2024-06-05T18:30:07Z","2024-06-21T17:18:51Z","8c97bed6-57a6-49e0-b82b-140dbf4297ea",,"2024-06-20T04:00:00Z","ZAARS9W","Conner","2026","2025-26","Y",,,,,
"mkram820@yopmail.com","mtest820","Mtest820",,,,,,,,,,,,,"2024-08-20T13:49:41Z","2024-08-20T17:40:45Z","088a1575-9061-490e-92cf-7bcd16715e58","2024-08-20T13:48:35Z",,"ZAARSPY","mtest820","2026","2025-26","Y",,,,,
"mkramauto12@yopmail.com","mkauto12","Mkauto12",,,,,,,,,,,,,"2024-06-27T18:20:03Z","2024-06-27T18:20:33Z","4066bc55-b6f8-4773-bc50-6758005b173b",,,"ZAARSLI","mkauto12","2026","2025-26","Y",,,,,
"kb620test1@yopmail.com","KB620Test1","KB620Test1",,,,,,,,,,,,,"2024-06-20T17:15:06Z","2024-06-21T15:30:37Z","325ef234-04a9-446d-89a6-7b4b7b882df7","2024-06-20T17:13:22Z",,"ZAARSKM","KB60Test1Pref","2026","2025-26","Y",,,,,
"acrguy@yopmail.com","acrguy","Acorn",,,,,,,,,,,,,"2024-07-15T16:10:05Z","2024-07-15T16:10:35Z","1e3b755c-e625-4d5d-90a8-e91099f3da4d",,,"ZAARSLU","acrguy","2026","2025-26","Y",,,,,
"hollytestefhha@yopmail.com","Holly","TestEF",,,,,,,,,,,,,"2024-08-21T22:47:39Z","2024-08-22T02:18:09Z","fa69fcc6-cf2a-4569-9ea5-601057b08f33","2024-08-21T22:56:25Z",,"ZAARSQ7","Holly","2026","2025-26",,,,,,
"b14941-1@yopmail.com","Mark","B14941-1",,,,,,,,,,,,,"2024-05-28T17:50:03Z","2024-06-21T15:30:37Z","70136c83-8881-4c37-b647-7ab9f13eb1e1",,,"ZAARS91","Mark","2026","2025-26","Y",,,,,
"b14897-2a@yopmail.com","Mark","B14897-2",,,,,,,,,,,,,"2024-07-23T19:17:39Z","2024-07-23T20:18:46Z","07cbbbc2-be77-428c-ace2-900dd783b98b","2024-07-23T19:21:06Z",,"ZAARSNF","Mark","2026","2025-26",,,,,,
"b15013-2@yopmail.com","Mark","B15013-2",,,,,,,,,,,,,"2024-08-05T16:15:06Z","2024-08-06T15:34:12Z","59432319-19fb-440d-a6e8-c501fa9f125b","2024-08-05T16:14:55Z",,"ZAARSP1","Mark","2026","2025-26","Y",,,,,
"increboard@yopmail.com","Incre","Board",,,,,,,,,,,,,"2024-06-06T21:20:04Z","2024-06-21T17:18:51Z","6f32010d-1abd-4f85-9956-b52d3fc3992d",,"2024-06-20T04:00:00Z","ZAARSJD","Incre","2026","2025-26","Y",,,,,
"d6927-3@yopmail.com","Mark","D6927-3",,,,,,,,,,,,,"2024-07-16T15:34:13Z","2024-07-17T06:18:14Z","4de494fd-7a1e-44bb-911d-96bce32969c5","2024-07-16T15:30:32Z",,"ZAARSMJ","Mark","2026","2025-26",,,,,,
"b14958-1@yopmail.com","Mark","B14958-1",,,,,,,,,,,,,"2024-04-30T17:00:05Z","2024-06-21T15:30:37Z","7e710881-ddd0-4c7b-b79a-eb2e1eeb4cdb",,,"ZAARSHT","Mark","2026","2025-26","Y",,,,,
"careyboard@yopmail.com","Carey","Board",,,,,,,,,,,,,"2024-06-05T18:00:08Z","2024-06-21T17:18:51Z","afb0a033-604e-4462-8e8e-4cbfd082f389",,"2024-06-20T04:00:00Z","ZAARS9V","Carey","2026","2025-26","Y",,,,,
"gaff3@yopmail.com","Eric","Gaff3",,,,,,,,,,,,,"2024-06-14T20:30:05Z","2024-06-21T15:30:37Z","900ec553-8f0e-40b1-a6a1-c5a014fd00d9",,,"ZAARSJZ","Eric","2026","2025-26","Y",,,,,
"testhhb821@yopmail.com","testhhb821","Testhhb821",,,,,,,,,,,,,"2024-08-21T17:45:06Z","2024-08-22T02:18:09Z","6093388b-859b-47f3-a712-31be63233a4a","2024-08-21T17:40:34Z",,"ZAARSQE","testhhb821","2026","2025-26","Y",,,,,
"kbjune1testing@yopmail.com","KBJune1Testing","KBJune1Testing",,,,,,,,,,,,,"2024-05-01T19:50:44Z","2024-06-21T17:18:51Z","8ac2cddd-91b1-4735-9b9c-60399259be48",,"2024-06-20T04:00:00Z","ZAARS8B","KBJune1TestingPreferredName","2026","2025-26","Y",,,,,
"minboard@yopmail.com","Min","Board",,,,,,,,,,,,,"2024-06-06T20:20:04Z","2024-06-21T15:30:37Z","f79a546f-4511-412e-831b-a9a342b1e319",,,"ZAARSJC","M","2026","2025-26","Y",,,,,
"b14946-1@yopmail.com","Mark","B14946-1",,,,,,,,,,,,,"2024-05-24T18:00:07Z","2024-06-21T17:18:51Z","09bea2ac-c1d4-4a70-b783-18114eda89d1",,"2024-06-20T04:00:00Z","ZAARSIZ","Mark","2026","2025-26","Y",,,,,
"b14934-3667@yopmail.com","Mark","B14934-3667",,,,,,,,,,,,,"2024-08-14T17:49:09Z","2024-08-15T03:18:19Z","a9274ed9-2b5e-4cb0-ab79-4c6a44350102","2024-08-14T17:50:12Z",,"ZAARSPT","Mark","2026","2025-26","Y",,,,,
"jerrydwrightii@outlook.com","Mark","B14984-1",,,,,,,,,,,,,"2024-04-29T16:17:10Z","2024-04-30T15:44:30Z","5c58b95a-c606-4438-979e-84810d16f839",,"2024-03-25T04:00:00Z","ZAARS7Q","Mark","2026","2025-26","Y",,,,,
"b14894-7snglpar@yopmail.com","Mark","B14894-7SnglPar",,,,,,,,,,,,,"2024-05-04T10:00:05Z","2024-05-04T10:00:35Z","753777b3-98cb-4d5a-a0ec-bd41c86b99d5",,,"ZAARS89",,"2026","2025-26",,,,,,
"b14894-j1@yopmail.com","Mark","B14894-J1",,,,,,,,,,,,,"2024-05-31T16:10:04Z","2024-06-21T15:30:37Z","08dd9fc1-6809-4bdc-80d3-4bb4c506efcd",,,"ZAARS9E","Mark","2026","2025-26","Y",,,,,
"b14894-1@yopmail.com","Mark","B14894-1",,,,,,,,,,,,,"2024-05-04T10:00:05Z","2024-05-04T10:00:35Z","72935086-53c6-4cf1-8d7f-5a8eca13e837",,,"ZAARS8A",,"2026","2025-26",,,,,,
"b14894-h2@yopmail.com","Mark","B14894-H2",,,,,,,,,,,,,"2024-05-04T10:00:05Z","2024-05-04T10:00:35Z","03c2163d-35ea-4488-bcb5-fd8bf21d6dce",,,"ZAARS8K",,"2026","2025-26",,,,,,
"b15266-j16@yopmail.com","Mark","B15266-J16",,,,,,,,,,,,,"2024-07-16T20:48:11Z","2024-07-17T06:18:14Z","fc966085-36ee-41ab-be40-ae0860d4a208","2024-07-16T20:47:43Z",,"ZAARSMQ","Mark","2026","2025-26",,,,,,
"b14894-7@yopmail.com","Mark","B14894-7",,,,,,,,,,,,,"2024-05-04T10:00:05Z","2024-05-04T10:00:35Z","19858f05-3dab-4b7e-befe-1289ee34a1b5",,,"ZAARS86",,"2026","2025-26",,,,,,
"stest84@yopmail.com","Test84","Last84",,,,,,,,,,,,,"2024-06-21T18:10:04Z","2024-06-21T18:10:34Z","0e5eee32-644d-48a4-8ec8-4eab70f9bbe8",,,"ZAARSKP","Test84","2026","2025-26","Y",,,,,
"mkram618@yopmail.com","maddietest","Maddietest",,,,,,,,,,,,,"2024-06-18T17:50:03Z","2024-06-21T15:30:37Z","027ecc47-02ce-41b7-9bcd-a5d0faa11768","2024-06-18T17:42:13Z",,"ZAARSK5","maddietest","2026","2025-26","Y",,,,,
"mkram711@yopmail.com","mdicttest2","Mdicttest2",,,,,,,,,,,,,"2024-07-15T16:10:05Z","2024-07-15T16:10:35Z","83b1f419-aa9c-464e-91be-987ef698a715",,,"ZAARSM4","mdicttest2","2026","2025-26","Y",,,,,
"kbjune2testing@yopmail.com","KBJune2Testing","KBJune2Testing",,,,,,,,,,,,,"2024-05-02T12:40:03Z","2024-06-21T15:30:37Z","c4bfc2e3-3072-496a-aaf4-5964d3847139",,,"ZAARS8G","KBJune2Testing","2026","2025-26","Y",,,,,
"b14925-1@yopmail.com","Mark","B14925-1",,,,,,,,,,,,,"2024-05-20T16:50:03Z","2024-06-21T15:30:37Z","bcd77143-1036-4305-a00f-1ebf6e244584",,,"ZAARSIH","Mark","2026","2025-26","Y",,,,,
"b15008-1@yopmail.com","Mark","B15008-1",,,,,,,,,,,,,"2024-06-25T18:33:11Z","2024-06-26T10:18:29Z","3b11a556-d5fd-402d-a8b7-5dab08522fa5","2024-06-25T18:32:34Z",,"ZAARSKV","Mark","2026","2025-26",,,,,,
"johnny8654acorn@yopmail.com","Johnny 8654","Acorn",,,,,,,,,,,,,"2024-05-21T15:40:03Z","2024-06-21T17:18:51Z","c0c8317d-e8bc-4c57-93ee-47c797a26878",,"2024-05-24T04:00:00Z","ZAARSIL","Johnny","2026","2025-26","Y",,,,,
"kaleyboard@yopmail.com","Kaley","Board",,,,,,,,,,,,,"2024-06-06T19:10:04Z","2024-06-21T17:18:51Z","4f9a8535-5c9b-427a-b842-9390fbe383fb",,"2024-06-20T04:00:00Z","ZAARSJ1","Kaley","2026","2025-26","Y",,,,,
"frannyfeeacorn@yopmail.com","Franny","Acorn",,,,,,,,,,,,,"2024-06-26T18:49:11Z","2024-08-22T13:35:10Z","5df8fa2d-8395-4311-ab6d-cb97d81e1789","2024-06-27T18:31:43Z",,"ZAARSL1","Fran","2026","2025-26",,,,,,
"kbjune17test2@yopmail.com","KBJune17Test2","KBJune17Test2",,,,,,,,,,,,,"2024-06-17T20:34:10Z","2024-06-21T15:30:37Z","c64f7462-af36-4949-8299-ff3fd06ab9ea","2024-06-17T20:55:18Z",,"ZAARSK3","KBJune17Test2Preferred","2026","2025-26","Y",,,,,
"sarahboard@yopmail.com","Sarah","Board",,,,,,,,,,,,,"2024-06-06T15:50:04Z","2024-06-21T17:18:51Z","ddc30f6f-02bc-4537-9236-0b0063ff82ce",,"2024-06-20T04:00:00Z","ZAARS9Z","Sarah","2026","2025-26","Y",,,,,
"charlesacornhha@yopmail.com","Charles","Acorn",,,,,,,,,,,,,"2024-07-23T18:49:10Z","2024-07-23T20:18:46Z","b0fc4a45-e684-457a-a406-8b7059b3bbe9","2024-07-23T18:48:42Z",,"ZAARSN5","Charles","2026","2025-26",,,,,,
"b14929-1@yopmail.com","Mark","B14929-1",,,,,,,,,,,,,"2024-05-17T19:10:04Z","2024-06-21T15:30:37Z","0ef84f84-bab0-48c1-8be0-cdd32e68578d",,,"ZAARSI7","Mark","2026","2025-26","Y",,,,,
"deptransferrestrict@yopmail.com","Mom","Acorn",,,,,,,,,,,,,"2024-07-22T15:30:05Z","2024-07-22T15:30:36Z","ab0fe2d1-a97e-4aca-b5ba-abcf766bbf27",,,"ZAAR9Q5","DepTransferRestrict","2026","2025-26","Y",,,,,
"stest78@yopmail.com","Student","Test78",,,,,,,,,,,,,"2024-05-21T10:03:14Z","2024-05-21T10:03:44Z","6bc85da3-eb13-4319-9e01-3d5c2cc22cad",,,"ZAARSIK","Stu","2026","2025-26",,,,,,
"document2@yopmail.com","Eric","Document2",,,,,,,,,,,,,"2024-06-11T11:50:04Z","2024-06-21T15:30:37Z","8a27ceec-04ed-43ec-999a-eb259b8475b4",,,"ZAARSJK","Eric","2026","2025-26","Y",,,,,
"df2526test2@mailinator.com","Jen","Test2526",,,,,,,,,,,,,"2024-05-04T10:00:05Z","2024-08-22T13:42:45Z","9b98eedb-c94a-4e1f-aa40-58f291ba7fd6",,,"ZAARS8E","Jen","2026","2025-26",,,,,,
"stest92@yopmail.com","Test92","Last92",,,,,,,,,,,,,"2024-08-01T16:15:05Z","2024-08-06T18:18:54Z","72b235b1-357c-4b06-9bc2-0d7f1a38541b","2024-08-06T17:25:43Z",,"ZAARSNT","Test92","2026","2025-26",,,,,,
"d6657-e1@yopmail.com","Mark","D6657-E1",,,,,,,,,,,,,"2024-08-01T17:17:38Z","2024-08-02T01:18:14Z","38326886-e089-435d-9820-980e4ec5f713","2024-08-01T17:19:54Z",,"ZAARSNU","Mark","2026","2025-26",,,,,,
"b15044-2@yopmail.com","Mark","B15044-2",,,,,,,,,,,,,"2024-08-08T15:40:03Z","2024-08-08T15:40:33Z","74bb7ca5-75a0-416a-ae80-e58728625d79",,,"ZAARSP6","Mark","2026","2025-26","Y",,,,,
"b14940-2a@yopmail.com","Mark","B14940-2",,,,,,,,,,,,,"2024-04-30T17:00:05Z","2024-06-21T17:18:51Z","6bb754f5-db9c-4dc9-8501-7535293ca272",,"2024-05-16T04:00:00Z","ZAARSHJ","Mark","2026","2025-26","Y",,,,,
"b14975-1@yopmail.com","Mark","B14975-1",,,,,,,,,,,,,"2024-04-30T17:00:05Z","2024-06-21T15:30:37Z","bd57af07-aec8-4796-868f-072b10c068ac",,"2024-03-25T04:00:00Z","ZAARS79","MW","2026","2025-26","Y",,,,,
"b15190-2@yopmail.com","Mark","B15190-2",,,,,,,,,,,,,"2024-05-25T10:03:43Z","2024-05-25T10:04:13Z","d69b1729-b790-4a80-9010-cd5b170a9847",,,"ZAARSIV",,"2026","2025-26",,,,,,
"document3@yopmail.com","Eric","Document3",,,,,,,,,,,,,"2024-06-11T15:30:06Z","2024-06-21T15:30:37Z","f8cde5ae-dbae-40d8-8bc9-fdbeade00a48",,,"ZAARSJL","Eric","2026","2025-26","Y",,,,,
"july16test1@yopmail.com","July16Test1","July16Test1",,,,,,,,,,,,,"2024-07-16T15:19:39Z","2024-07-17T06:18:14Z","cf73a740-f86d-456d-8958-ffb3485b1b9e","2024-07-16T15:45:54Z",,"ZAARSM9","July16Test1","2026","2025-26",,,,,,
"b14908-1@yopmail.com","Mark","B14908-1",,,,,,,,,,,,,"2024-07-15T16:10:05Z","2024-07-15T16:10:35Z","b776b2ba-5e2d-4062-a463-ebac5204426f",,,"ZAARSMA","Mark","2026","2025-26","Y",,,,,
"jonathanboard@yopmail.com","Jonathan","Board",,,,,,,,,,,,,"2024-06-07T15:40:04Z","2024-06-21T17:18:51Z","4e28af2a-549a-49da-ac2f-28cfb8a6a5d4",,"2024-06-20T04:00:00Z","ZAARSJ6","Jon","2026","2025-26","Y",,,,,
"mkramauto13@yopmail.com","mkauto13","Mkauto13",,,,,,,,,,,,,"2024-06-27T18:40:03Z","2024-06-27T18:40:34Z","22a9a148-4996-4b0a-b0fc-fff1087335d9",,,"ZAARSL9","mkauto13","2026","2025-26","Y",,,,,
"b14897-a12@yopmail.com","Mark","B14897-A12",,,,,,,,,,,,,"2024-08-12T15:18:40Z","2024-08-13T13:19:23Z","4afdff20-b729-47e0-a522-868bc4cf3c02","2024-08-12T15:16:33Z",,"ZAARSPH","Mark","2026","2025-26",,,,,,
"indeptransferrestrict@yopmail.com","Mom","Acorn",,,,,,,,,,,,,"2024-07-22T15:30:05Z","2024-07-22T15:30:36Z","a66112c7-d017-41b0-9625-59c0f09f8fc0",,,"ZAAR9QE","IndepTransferRestrict","2026","2025-26","Y",,,,,
"returnindep@yopmail.com","Mom","Acorn",,,,,,,,,,,,,"2024-07-22T15:30:05Z","2024-07-22T15:30:36Z","7a2f6466-9158-4866-bc1e-a23038b29993",,,"ZAAR9QD","ReturnIndep","2026","2025-26","Y",,,,,
"mkramauto7@yopmail.com","mkauto7","Mkauto7",,,,,,,,,,,,,"2024-06-27T15:20:03Z","2024-06-27T15:20:33Z","edcf330f-bf00-4303-95b9-1b1cc0819053",,,"ZAARSLF","mkauto7","2026","2025-26","Y",,,,,
"mkram613@yopmail.com","maddie613","Maddie613",,,,,,,,,,,,,"2024-06-13T13:33:41Z","2024-06-21T15:30:37Z","b28e969f-3493-4230-abbb-fa5d92665456","2024-06-13T13:36:13Z",,"ZAARSJU","maddie613","2026","2025-26","Y",,,,,
"domestictransfer@yopmail.com","domestictransfer","Acorn",,,,,,,,,,,,,"2024-08-20T15:10:04Z","2024-08-20T15:10:34Z","ca22eb17-5ecc-43ec-ab23-4791c5d4a9a7",,,"ZAARSQA","domestictransfer","2026","2025-26","Y",,,,,
"b15188-1@yopmail.com","Mark","B15188-1",,,,,,,,,,,,,"2024-05-17T10:00:10Z","2024-08-22T13:42:45Z","5fa3e91a-b12c-420c-9422-dbb232fe2e1d",,,"ZAARSI5","Mark","2026","2025-26",,,,,,
"kbjune3testing@yopmail.com","KBJune3Testing","KBJune3Testing",,,,,,,,,,,,,"2024-05-02T17:30:05Z","2024-06-21T15:30:37Z","78ff424f-3ff7-4fec-b6b0-4aadbace6ecd",,,"ZAARS8N","KBJune3Testing","2026","2025-26","Y",,,,,
"b14934-intxfr@yopmail.com","Mark","B14934-IntXfr",,,,,,,,,,,,,"2024-08-21T19:00:08Z","2024-08-22T02:18:09Z","33adede2-89cc-4906-9053-5b151fe4777b","2024-08-21T18:55:31Z",,"ZAARSQ6","Mark","2026","2025-26","Y",,,,,
"annieacornhha@yopmail.com","Annie","Acorn",,,,,,,,,,,,,"2024-07-15T18:30:07Z","2024-07-15T23:18:25Z","def3eed5-97b0-452e-9f16-6784c5e5f9c6","2024-07-15T18:27:41Z",,"ZAARSM8","Annie","2026","2025-26","Y",,,,,
"michaelboard@yopmail.com","Michael","Board",,,,,,,,,,,,,"2024-06-06T20:20:04Z","2024-06-21T17:18:51Z","01c28b4b-f270-42a0-90d8-a1531ce2c605",,"2024-06-20T04:00:00Z","ZAARSJ2","Michael","2026","2025-26","Y",,,,,
"kbjunetesting@yopmail.com","KBJuneTesting","KBJuneTesting",,,,,,,,,,,,,"2024-05-04T10:00:05Z","2024-05-04T10:00:35Z","7605e927-81b5-4b26-b24d-cae74d24a557",,,"ZAARS8C","KBJuneTestingPreferredName","2026","2025-26",,,,,,
"b15139-1@yopmail.com","Mark","B15139-1",,,,,,,,,,,,,"2024-06-18T18:50:03Z","2024-06-21T15:30:37Z","81be38ad-90ee-400f-b357-6a7895427395",,,"ZAARSK6","Mark","2026","2025-26","Y",,,,,
"b14897-3@yopmail.com","Mark","B14897-3",,,,,,,,,,,,,"2024-07-23T20:03:40Z","2024-07-23T21:18:07Z","6e755de8-23f2-4e2f-bdcb-f9f00063635d","2024-07-23T20:15:31Z",,"ZAARSNG","Mark","2026","2025-26",,,,,,
"sabrina@mailinator.com","Sabrina","Walker",,,,,,,,,,,,,"2024-07-25T16:45:06Z","2024-08-08T23:18:04Z","73e690ec-9a5c-4218-9799-8354cc4af348","2024-07-25T17:11:58Z",,"ZAARSNI","Sabrina","2026","2025-26",,,,,,
"mkramauto11@yopmail.com","mkauto11","mkauto11",,,,,,,,,,,,,"2024-06-27T17:04:11Z","2024-06-27T17:19:22Z","c94f0307-67c4-4c7b-8994-ac5018fcb5b2","2024-06-27T17:01:04Z",,"ZAARSLH","mkauto11","2026","2025-26",,,,,,
"ethanboard@yopmail.com","Ethan","Board",,,,,,,,,,,,,"2024-05-30T21:20:04Z","2024-06-21T17:18:51Z","3fd8e5ef-83d1-4670-a37e-1c801ba5dbf4",,"2024-06-20T04:00:00Z","ZAAR9AN","Ethan","2026","2025-26","Y",,,,,
"mkram731@yopmail.com","maddie731","maddie731",,,,,,,,,,,,,"2024-07-31T13:47:39Z","2024-07-31T18:18:56Z","6bbf2d14-1e0e-4934-b594-1097ef5808ff","2024-07-31T17:20:11Z",,"ZAARSNN","maddie731","2026","2025-26",,,,,,
"stest95@yopmail.com","Test95","Last95",,,,,,,,,,,,,"2024-08-20T19:15:06Z","2024-08-21T21:30:40Z","ec491ac5-896b-4350-94d2-197b8a9b7d0e","2024-08-20T19:13:39Z",,"ZAARSQ4","Testy95","2026","2025-26",,,,,,
"maryboard@yopmail.com","Mary","Board",,,,,,,,,,,,,"2024-06-06T19:30:08Z","2024-06-21T17:18:51Z","7d08b866-f5ff-4ffe-a7fc-bae2b99c989d",,"2024-06-20T04:00:00Z","ZAARSJB","Mary","2026","2025-26","Y",,,,,
"kbjune7testing@yopmail.com","KBJune7Testing","KBJune7Testing",,,,,,,,,,,,,"2024-05-07T10:00:09Z","2024-08-22T13:42:45Z","4cf54ab3-ca71-403b-ad38-5fc12a45a982",,,"ZAARS8V","KBJune7Testing","2026","2025-26",,,,,,
"b14901-3@yopmail.com","Mark","B14901-3",,,,,,,,,,,,,"2024-05-08T10:00:08Z","2024-06-21T15:30:37Z","c2478bc2-3704-4726-9143-ec93a5e7a7d1","2024-05-08T14:31:36Z",,"ZAARS8Y","Mark","2026","2025-26","Y",,,,,
"mkramauto@yopmail.com","mkauto","Mkauto",,,,,,,,,,,,,"2024-06-27T14:00:07Z","2024-06-27T17:19:22Z","2cb1e05e-54aa-4bb3-b676-5caa34f8c241","2024-06-27T13:52:45Z",,"ZAARSLC","mkauto","2026","2025-26","Y",,,,,
"mkram617@yopmail.com","stickers","Lizard",,,,,,,,,,,,,"2024-06-17T17:45:06Z","2024-06-21T15:30:37Z","3352562e-4704-4330-a02a-255b6fbb0b57","2024-06-17T17:40:24Z",,"ZAARSKB","stickers","2026","2025-26","Y",,,,,
"kbjune6testing@yopmail.com","KBJune6Testing","KBJune6Testing",,,,,,,,,,,,,"2024-05-03T20:50:04Z","2024-06-21T15:30:37Z","1a728796-1ab0-4d6a-811e-06dfe974e270",,,"ZAARS8U","KBJune6Testing","2026","2025-26","Y",,,,,
"maddog613@yopmail.com","mad","Dog",,,,,,,,,,,,,"2024-06-13T15:33:42Z","2024-06-21T15:30:37Z","4af9d0bb-331e-4ebd-8535-71757cbb7b7a","2024-06-13T15:31:34Z",,"ZAARSJV","Maddie","2026","2025-26","Y",,,,,
"b14898-1@yopmail.com","Mark","B14898-1",,,,,,,,,,,,,"2024-06-26T17:30:07Z","2024-06-26T18:50:33Z","5ba3332d-5082-46a7-a268-6344a9ecf540",,,"ZAARSKZ","Mark","2026","2025-26","Y",,,,,
"b15053-4a@yopmail.com","Mark","B15013-4",,,,,,,,,,,,,"2024-08-06T20:45:04Z","2024-08-22T13:42:45Z","b8376770-646b-4325-986a-489392e112c0","2024-08-06T21:07:33Z",,"ZAARSPD","Mark","2026","2025-26",,,,,,
"kbjune12testing@yopmail.com","KBJune12Testing","KBJune12Testing",,,,,,,,,,,,,"2024-05-17T10:00:10Z","2024-05-17T10:00:40Z","0caf2d1c-e7c4-4a0b-b859-79fa398b1772",,,"ZAARSI6",,"2026","2025-26",,,,,,
"b14973-1jly@yopmail.com","Mark","B14973-1Jly",,,,,,,,,,,,,"2024-07-15T16:10:05Z","2024-07-16T07:33:16Z","96a92bc0-96e8-40da-a8b6-307bd10d90e2",,"2024-07-08T04:00:00Z","ZAARSLX","Mark","2026","2025-26","Y",,,,,
"mkramadpt@yopmail.com","mtestadopt2","mtestadopt2",,,,,,,,,,,,,"2024-08-12T18:04:11Z","2024-08-13T13:19:18Z","d69c5152-fa2f-4937-ab09-f0b68c49063f","2024-08-12T18:03:13Z",,"ZAARSPI","mtestadopt2","2026","2025-26",,,,,,
"firstfresh@yopmail.com","Dad","Acorn",,,,,,,,,,,,,"2024-07-22T15:30:05Z","2024-07-22T15:30:36Z","87639972-db26-4b8c-8afb-2bad6acd397a",,,"ZAAR9QB","FirstFresh","2026","2025-26","Y",,,,,
"b15044-1@yopmail.com","Mark","B15044-1",,,,,,,,,,,,,"2024-08-08T14:34:13Z","2024-08-08T23:18:04Z","2b843b11-fc26-440d-a58a-8bd31952c350","2024-08-08T14:56:47Z",,"ZAARSPF","Mark","2026","2025-26","Y",,,,,
"firstindeprestrict@yopmail.com","Dad","Acorn",,,,,,,,,,,,,"2024-07-22T15:30:05Z","2024-07-22T15:30:36Z","334d6f8e-a0d4-4486-92d9-499402852302",,,"ZAAR9QA","FirstIndepRestrict","2026","2025-26","Y",,,,,
"efnar820@yopmail.com","efnar820","efnar820",,,,,,,,,,,,,"2024-08-20T17:49:10Z","2024-08-20T19:18:42Z","bdce0f68-567b-48b3-8a94-213b4ed296ff","2024-08-20T17:45:30Z",,"ZAARSQD","efnar820","2026","2025-26",,,,,,
"kbjune5testing@yopmail.com","KBJune5Testing","KBJune5Testing",,,,,,,,,,,,,"2024-05-02T21:00:11Z","2024-06-21T15:30:37Z","4692d7fb-d494-400a-9cbe-b1c2ae0421b3",,,"ZAARS8R","KBJune5Testing","2026","2025-26","Y",,,,,
"kbmay31preftest2@yopmail.com","KBMay31PrefTest2","KBMay31PrefTest2",,,,,,,,,,,,,"2024-05-31T19:10:04Z","2024-06-21T17:18:51Z","e10bebd1-789a-429c-b972-34e37296a63a",,"2024-05-31T04:00:00Z","ZAARS9I","KBMay31PrefTest2","2026","2025-26","Y",,,,,
"b14934-intent@yopmail.com","Mark","B14934-IntEnt",,,,,,,,,,,,,"2024-08-21T18:30:07Z","2024-08-22T02:18:09Z","85baf239-8c23-4538-9aac-6569935276f4","2024-08-21T18:24:11Z",,"ZAARSQ5","Mark","2026","2025-26",,,,,,
"transferboard@yopmail.com","Transfer","Board",,,,,,,,,,,,,"2024-06-07T15:40:04Z","2024-06-21T17:18:51Z","5f2fe5b5-b27d-42c2-b463-8a9aef7b4a98",,"2024-06-20T04:00:00Z","ZAARSJG","Transfer","2026","2025-26","Y",,,,,
"mkram822@yopmail.com","m822","M822",,,,,,,,,,,,,"2024-08-22T13:38:41Z","2024-08-22T14:02:17Z","949c4fd2-bb33-426f-8f72-c6ebfabf03e8",,,"ZAARSQH","m822","2026","2025-26","Y",,,,,
"sendgridtesting@gmail.com","Eric","Sendgridtesting1",,,,,,,,,,,,,"2024-06-26T16:20:04Z","2024-06-27T17:19:22Z","bfd71c6e-6a0e-4156-a1c6-348b624f6cb0","2024-06-27T15:04:59Z",,"ZAARSL5","Eric","2026","2025-26",,,,,,
"mkram814@yopmail.com","testefnar","Testefnar",,,,,,,,,,,,,"2024-08-14T14:34:12Z","2024-08-14T15:20:47Z","f7dd9730-66de-4374-9982-9bff0d97be73",,,"ZAARSPQ","testefnarpref","2026","2025-26","Y",,,,,
"kb620test2@yopmail.com","KB620Test2","KB620Test2",,,,,,,,,,,,,"2024-06-20T19:48:41Z","2024-06-21T15:30:37Z","6137344f-b9ba-4b8d-ab0b-1af81cb74536","2024-06-20T19:52:06Z",,"ZAARSKN","KB620Test2","2026","2025-26","Y",,,,,
"rita.walker@mailinator.com","Rita","Walker",,,,,,,,,,,,,"2024-07-26T16:20:10Z","2024-07-27T11:18:41Z","c7d1f6c4-26d2-4bb1-baf0-a3b6dbc5f1cd","2024-07-26T17:49:50Z",,"ZAARSNL","Rita","2026","2025-26",,,,,,
"currency2@yopmail.com","currency2","Acorn",,,,,,,,,,,,,"2024-08-22T20:50:04Z","2024-08-22T20:50:34Z","5ea070a2-f50a-48df-aba7-30332b66b427",,,"ZAARSQ9","currency2","2026","2025-26","Y",,,,,
"kb627test1@yopmail.com","KB627Test1","KB627Test1",,,,,,,,,,,,,"2024-06-27T15:30:07Z","2024-06-27T17:19:22Z","b79f76e9-68ef-4cb9-aaa6-22fbf5dda54b","2024-06-27T15:28:33Z",,"ZAARSL6","KB627Test1@yopmail.com","2026","2025-26","Y",,,,,
"b14899-900@yopmail.com","Mark","B14899-900",,,,,,,,,,,,,"2024-06-03T19:40:04Z","2024-06-21T15:30:37Z","3b6154e0-aecf-4889-8d5a-3db87e550f7a",,,"ZAARS9L","Mark","2026","2025-26","Y",,,,,
"indiboard@yopmail.com","Indi","Board",,,,,,,,,,,,,"2024-06-07T14:10:04Z","2024-06-21T17:18:51Z","f1fcb408-d0df-49cb-a939-598bde91ff61",,"2024-06-20T04:00:00Z","ZAARSJ5","Indi","2026","2025-26","Y",,,,,
"b14901-2@yopmail.com","Mark","B14901-2",,,,,,,,,,,,,"2024-05-08T10:00:08Z","2024-05-08T10:00:38Z","351e6446-d7cd-4b58-8670-480a4f5ce995",,,"ZAARS8X",,"2026","2025-26",,,,,,
"b14934-intret@yopmail.com","Mark","B14934-IntRet",,,,,,,,,,,,,"2024-08-21T18:45:06Z","2024-08-22T02:18:09Z","cc5cc9b9-f31c-410a-bdf3-ef61af3dc404","2024-08-21T18:42:51Z",,"ZAARSQF","Mark","2026","2025-26","Y",,,,,
"b14938-1@yopmail.com","Mark","B14938-1",,,,,,,,,,,,,"2024-06-03T16:10:03Z","2024-06-21T15:30:37Z","b688982e-1e3b-4fc1-beb9-c0107b806d0e",,,"ZAARS9K","Mark","2026","2025-26","Y",,,,,
"mkauto49@yopmail.com","mkauto49","Mkauto49",,,,,,,,,,,,,"2024-07-19T16:15:06Z","2024-07-25T18:50:33Z","bf24b239-da37-4438-9c57-708784400c28",,,"ZAARSNC","mkauto49PREFERREDNAME","2026","2025-26","Y",,,,,
"interreturn@yopmail.com","interreturn","Acorn",,,,,,,,,,,,,"2024-08-20T15:10:04Z","2024-08-20T15:10:34Z","c8cac581-9f68-4e7c-8477-e19c225bb9fe",,,"ZAARSQC","interreturn","2026","2025-26","Y",,,,,
"mkramuk@yopmail.com","mtestintl-uk","Mtestintl-uk",,,,,,,,,,,,,"2024-08-14T13:33:09Z","2024-08-15T03:18:19Z","365d13b3-7f44-4fed-9a58-54567579c2b5","2024-08-14T13:41:04Z",,"ZAARSPN","mtestintl-uk","2026","2025-26","Y",,,,,
"mkramit@yopmail.com","mtestintl-it","mtestintl-it",,,,,,,,,,,,,"2024-08-14T14:04:12Z","2024-08-15T03:18:19Z","3c4edcc4-82ab-4265-848d-10cb8c6ed008","2024-08-14T14:05:46Z",,"ZAARSPP","mtestintl-it","2026","2025-26",,,,,,
"b14894-r3@yopmail.com","Mark","B14894-R3",,,,,,,,,,,,,"2024-05-02T19:30:08Z","2024-06-21T15:30:37Z","c19ee4c9-7684-4803-94a8-2baa19e6f190",,,"ZAARS8P","Mark","2026","2025-26","Y",,,,,
"b15013-1@yopmail.com","Mark","B15013-1",,,,,,,,,,,,,"2024-08-02T18:47:08Z","2024-08-03T08:18:57Z","ac54b8f2-73eb-4d8b-a19e-0dbad75632d6","2024-08-02T19:06:27Z",,"ZAARSNW","Mark","2026","2025-26","Y",,,,,
"maxboard@yopmail.com","Max","Board",,,,,,,,,,,,,"2024-05-31T17:50:04Z","2024-06-21T17:18:51Z","a960f4e3-fb78-441b-8398-165b5dd09184",,"2024-06-20T04:00:00Z","ZAARS97","Max","2026","2025-26","Y",,,,,
"b15045-1@yopmail.com","Mark","B15045-1",,,,,,,,,,,,,"2024-05-13T16:10:14Z","2024-06-21T15:30:37Z","f7118c6f-8b48-4058-9e89-53430a20fe2c",,,"ZAARSIB","Mark","2026","2025-26","Y",,,,,
"b14958-3hh@yopmail.com","Mark","B14958-3hh",,,,,,,,,,,,,"2024-04-30T17:00:05Z","2024-06-21T15:30:37Z","116a6bbb-d833-4809-8881-fe0a26168411",,,"ZAARSHW","Mark","2026","2025-26","Y",,,,,
"mintlit@yopmail.com","mintlit","Mintlit",,,,,,,,,,,,,"2024-07-24T14:15:05Z","2024-07-25T04:18:30Z","35ef59be-2a69-41f1-84a4-22398d0637c7","2024-07-24T14:14:51Z",,"ZAARSNH","mintlit","2026","2025-26","Y",,,,,
"b14987-1@yopmail.com","Mark","B14987-1",,,,,,,,,,,,,"2024-04-30T17:00:05Z","2024-06-21T15:30:37Z","394b7272-7f3c-4d4d-9622-b06a8d84a32d",,,"ZAARSH4","Mark","2026","2025-26","Y",,,,,
"kbjune14testing@yopmail.com","KBJune14Testing","KBJune14Testing",,,,,,,,,,,,,"2024-05-23T10:03:11Z","2024-08-22T13:42:45Z","4ef0e2fa-9958-4689-95cc-889c648b9f43",,,"ZAARSIS","KBJune14Preferred","2026","2025-26",,,,,,
"b14950-usdep@yopmail.com","Mark","B14950-USDep",,,,,,,,,,,,,"2024-06-17T21:00:06Z","2024-06-21T15:30:37Z","42b37782-cede-41f6-a8e4-cbee4be6fbae",,,"ZAARSKD","Mark","2026","2025-26","Y",,,,,
"mkram710@yopmail.com","mdicttest","Mdicttest",,,,,,,,,,,,,"2024-07-15T16:10:05Z","2024-07-15T16:10:35Z","7b03c071-d8a7-406c-bf98-27fcd8274ea4",,,"ZAARSM3","mdicttest","2026","2025-26","Y",,,,,
"b14894-7can@yopmail.com","Mark","B14894-7Can",,,,,,,,,,,,,"2024-05-04T10:00:05Z","2024-05-04T10:00:35Z","c11f2cde-8e05-4859-92f7-2de5401893d9",,,"ZAARS87",,"2026","2025-26",,,,,,
"b14899-617@yopmail.com","Mark","B14899-617",,,,,,,,,,,,,"2024-06-17T16:20:03Z","2024-06-21T15:30:37Z","428bfcd5-30cd-4141-adaa-8a98d3671e38",,,"ZAARSKA","Mark","2026","2025-26","Y",,,,,
"b14894-7int@yopmail.com","Mark","B14894-7Int",,,,,,,,,,,,,"2024-05-04T10:00:05Z","2024-05-04T10:00:35Z","1fc70fce-fca7-40d7-987f-158c4d863ac4",,,"ZAARS88",,"2026","2025-26",,,,,,
"josie8654acorn@yopmail.com","Josie 8654","Acorn",,,,,,,,,,,,,"2024-05-20T17:20:03Z","2024-06-21T17:18:51Z","bd5365aa-2ff6-407b-8ee7-18e9c1acffd1",,"2024-05-24T04:00:00Z","ZAARSI8","Josie","2026","2025-26","Y",,,,,
"idocenable@yopmail.com","idocenable","Acorn",,,,,,,,,,,,,"2024-07-16T14:30:08Z","2024-07-17T06:18:14Z","56362c47-12bc-4fbf-9e1d-e587328c7468","2024-07-16T14:22:08Z",,"ZAARSMI","i","2026","2025-26","Y",,,,,
"stest75@yopmail.com","Test75","Last75",,,,,,,,,,,,,"2024-05-04T10:00:05Z","2024-05-04T10:00:35Z","090237c9-4a11-4284-ad2a-02d237582641",,,"ZAARSHS",,"2026","2025-26",,,,,,
"b14894-3@yopmail.com","Mark","B14894-3",,,,,,,,,,,,,"2024-05-04T10:00:05Z","2024-05-04T10:00:35Z","f37f8ba8-64ee-408b-ba9c-5160af9c1d0e",,,"ZAARS82",,"2026","2025-26",,,,,,
"b14894-7non@yopmail.com","Mark","B14894-7Non",,,,,,,,,,,,,"2024-05-04T10:00:05Z","2024-05-04T10:00:35Z","d1391912-8831-47e4-8b9e-56cca1a69c5e",,,"ZAARS8I",,"2026","2025-26",,,,,,
"alexboard@yopmail.com","Alexander","Board",,,,,,,,,,,,,"2024-06-05T16:50:04Z","2024-06-21T15:30:37Z","f5ae496c-8120-4ce4-9314-d0606128f60a",,,"ZAARS9R","Alex","2026","2025-26","Y",,,,,
"kbmay31test2@yopmail.com","KBMay31Test2","KBMay31Test2",,,,,,,,,,,,,"2024-05-31T18:00:07Z","2024-06-21T15:30:37Z","6ca1b4dc-527d-48f8-ae66-6c1333a9e60a",,,"ZAARS9H","KBMay31Test2","2026","2025-26","Y",,,,,
"b14989-first26@yopmail.com","Mark","B14989-First26",,,,,,,,,,,,,"2024-04-30T17:00:05Z","2024-06-21T15:30:37Z","cb972b70-b8d0-4d5f-9bd5-3918e68ccf5a",,"2024-04-05T04:00:00Z","ZAARSH5","Mark","2026","2025-26","Y",,,,,
"b15219-1@yopmail.com","Mark","B15219-1",,,,,,,,,,,,,"2024-05-30T14:30:07Z","2024-06-21T15:30:37Z","51e004a9-21f2-49d8-a6f0-37d5c1d654e8",,,"ZAARS93","Mark","2026","2025-26","Y",,,,,
"b14894-5@yopmail.com","Mark","B14894-5",,,,,,,,,,,,,"2024-05-04T10:00:05Z","2024-05-04T10:00:35Z","5c918055-5957-430f-943b-6dcbde165693",,,"ZAARS8D",,"2026","2025-26",,,,,,
"max2@yopmail.com","Mom","Acorn",,,,,,,,,,,,,"2024-07-01T15:17:08Z","2024-07-02T09:18:30Z","11816ffc-cd34-452b-817b-9e5c258899f4","2024-07-01T15:21:25Z",,"ZAARSLK","maxthe2","2026","2025-26","Y",,,,,
"anaboard@yopmail.com","Ana","Board",,,,,,,,,,,,,"2024-06-05T17:20:04Z","2024-06-21T17:18:51Z","6f1b680d-5fb5-46da-a510-d83b0dc3d482",,"2024-06-20T04:00:00Z","ZAARS9U","Ana","2026","2025-26","Y",,,,,
"b15008-inas2@yopmail.com","Mark","B15008-Inas2",,,,,,,,,,,,,"2024-07-22T20:15:05Z","2024-07-23T13:19:21Z","57aedaf0-e7ff-43f7-8606-3c25fbc7b5b0","2024-07-22T20:12:09Z",,"ZAARSND","Mark","2026","2025-26","Y",,,,,
"b15062-1@yopmail.com","Mark","B15062-1",,,,,,,,,,,,,"2024-06-14T16:21:41Z","2024-06-21T17:18:51Z","abb1c145-62e8-42d8-a11b-4ccce31d9f67","2024-06-14T16:18:43Z","2024-06-14T04:00:00Z","ZAARSJY","Mark","2026","2025-26","Y",,,,,
"b14916-1a@yopmail.com","Mark","B14916-1",,,,,,,,,,,,,"2024-05-25T10:03:43Z","2024-08-22T13:42:45Z","d9084c82-4a2f-49e8-b419-385c9d0764ed",,,"ZAARSIX","Mark","2026","2025-26",,,,,,
"firstindep@yopmail.com","Mom","Acorn",,,,,,,,,,,,,"2024-07-22T15:30:05Z","2024-07-22T15:30:36Z","891a6944-8cb0-4e7d-82ea-1bb6f2cedc6b",,,"ZAAR9Q3","FirstIndep","2026","2025-26","Y",,,,,
"b14967-1@yopmail.com","Mark","B14967-1",,,,,,,,,,,,,"2024-04-30T17:00:05Z","2024-06-21T15:30:37Z","d38ae52c-c82e-4138-8bb5-b0a42cdb17a3",,,"ZAARS7X","MW","2026","2025-26","Y",,,,,
"emmaboard@yopmail.com","Emma","Board",,,,,,,,,,,,,"2024-06-05T18:40:04Z","2024-06-21T15:30:38Z","2eba3841-09ed-4ac3-a56e-d0faeee74a1e",,,"ZAAR9VJ","Emma","2026","2025-26","Y",,,,,
"mkramcbquestions@yopmail.com","qtest","Qtest",,,,,,,,,,,,,"2024-08-06T18:33:40Z","2024-08-07T16:19:05Z","60738a90-a914-4c17-a0be-2357f81dc188","2024-08-07T15:14:36Z",,"ZAARSP3","qtestpref","2026","2025-26","Y",,,,,
"kbjune11test3@yopmail.com","KBJune11Test3","KBJune11Test3",,,,,,,,,,,,,"2024-06-11T19:04:08Z","2024-06-21T15:30:37Z","9a896c78-b64e-4ad6-8182-3f4997fa49a1","2024-06-11T19:03:02Z",,"ZAARSJP","KBJune11PreferredTest3","2026","2025-26","Y",,,,,
"b14940-2@yopmail.com","Mark","B14940-2",,,,,,,,,,,,,"2024-04-30T17:00:05Z","2024-06-21T15:30:37Z","8bc34ac1-c62d-4355-80a2-82a0ee46a458",,,"ZAARSHN","Mark","2026","2025-26","Y",,,,,
"b14908@yopmail.com","Mark","B14908",,,,,,,,,,,,,"2024-06-04T10:03:47Z","2024-07-15T23:18:25Z","7f3f37a5-b7cf-4617-a10a-4a9d118add2d","2024-07-09T17:32:15Z",,"ZAARS9N","Mark","2026","2025-26",,,,,,
"b14897-1@yopmail.com","Mark","B14897-1",,,,,,,,,,,,,"2024-07-23T18:04:41Z","2024-07-23T20:18:46Z","9c7cfb29-ba3c-4e84-a263-467993e6c26a","2024-07-23T18:05:31Z",,"ZAARSN4","Mark","2026","2025-26",,,,,,
"frankfeeacorn@yopmail.com","Frank","Acorn",,,,,,,,,,,,,"2024-06-26T19:00:05Z","2024-06-26T19:00:35Z","97b68cd6-7ef2-4043-a294-da710f579dc9",,,"ZAARSLB","Frank","2026","2025-26","Y",,,,,
"gaff1@yopmail.com","Eric","Gaff1",,,,,,,,,,,,,"2024-06-13T01:30:07Z","2024-06-21T15:30:37Z","97429e6a-8e3d-4afe-9376-1845c306ebd9","2024-06-13T01:28:26Z",,"ZAARSJS","Eric","2026","2025-26","Y",,,,,
"ethelboard@yopmail.com","Ethel","Board",,,,,,,,,,,,,"2024-05-31T16:50:05Z","2024-06-21T17:18:51Z","4c57a5c0-d6fd-4cd2-a882-ac3ccb10f686",,"2024-06-20T04:00:00Z","ZAARS9F","Ethel","2026","2025-26","Y",,,,,
"firstfreshrestrict@yopmail.com","Dad","Acorn",,,,,,,,,,,,,"2024-07-22T15:30:05Z","2024-07-22T15:30:36Z","adf85a55-6ddd-4e24-8f86-8c3979c24197",,,"ZAAR9Q4","FirstFreshRestrict","2026","2025-26","Y",,,,,
"mkram6192@yopmail.com","mktest2","Mktest2",,,,,,,,,,,,,"2024-06-19T15:34:11Z","2024-06-21T15:30:37Z","93b6b324-f287-4f52-a67f-0f743a02311d","2024-06-19T15:32:50Z",,"ZAARSK8","mktest2","2026","2025-26","Y",,,,,
"b14958-4cor@yopmail.com","Mark","B14958-4Cor",,,,,,,,,,,,,"2024-04-30T17:00:05Z","2024-06-21T15:30:37Z","d5d568c8-c280-47b0-a0b0-0b6249ffdb97",,,"ZAARSHX","Mark","2026","2025-26","Y",,,,,
"d6927-1@yopmail.com","Mark","D6927-1",,,,,,,,,,,,,"2024-06-18T16:45:06Z","2024-06-21T15:30:37Z","105029ba-7c2f-4a65-9cc3-2c32277a8160",,,"ZAARSKE","Mark","2026","2025-26","Y",,,,,
"b14925-2@yopmail.com","Mark","B14925-2",,,,,,,,,,,,,"2024-05-20T18:40:03Z","2024-06-21T15:30:37Z","453a06fe-4310-4362-866d-e7d6ee624832",,,"ZAARSI9","Mark","2026","2025-26","Y",,,,,
"kbjune4testing@yopmail.com","KBJune4Testing","KBJune4Testing",,,,,,,,,,,,,"2024-05-04T10:00:05Z","2024-05-04T10:00:35Z","45e6fb4e-a0f5-4886-a8bb-fbe4d08db889",,,"ZAARS8Q",,"2026","2025-26",,,,,,
"b15190-3@yopmail.com","Mark","B15190-3",,,,,,,,,,,,,"2024-05-23T20:10:03Z","2024-06-21T15:30:37Z","8b8dda72-bae4-4647-9097-f2fbf61c42fe",,,"ZAARSIW","Mark","2026","2025-26","Y",,,,,
"b14894-2@yopmail.com","Mark","B14894-2",,,,,,,,,,,,,"2024-05-04T10:00:05Z","2024-08-22T13:42:45Z","9cefac74-f928-4f58-b239-c61b2e56a6e4",,,"ZAARS81","Mark","2026","2025-26",,,,,,
"b15013a@yopmail.com","Mark","B15013",,,,,,,,,,,,,"2024-08-05T21:03:10Z","2024-08-06T18:18:54Z","a0edb65d-2629-49b0-8236-b9bbffcdab36","2024-08-06T16:20:14Z",,"ZAARSP2","Mark","2026","2025-26",,,,,,
"b14916-2a@yopmail.com","Mark","B14916-2",,,,,,,,,,,,,"2024-05-25T10:03:43Z","2024-08-22T13:42:45Z","639af99d-b3ab-4a31-8b8a-74ed0d93ce74",,,"ZAARSIY","Mark","2026","2025-26",,,,,,
"domesticentering@yopmail.com","domesticentering","Acorn",,,,,,,,,,,,,"2024-08-20T15:10:04Z","2024-08-20T15:10:34Z","1a01efc4-0080-43e1-9dba-507400c82fda",,,"ZAARSQB","domesticentering","2026","2025-26","Y",,,,,
"b14958-3h@yopmail.com","Mark","B14958-3h",,,,,,,,,,,,,"2024-04-30T17:00:05Z","2024-06-21T15:30:37Z","013dff12-b846-4cd3-96b9-78686c43c3b4",,,"ZAARSHV","Mark","2026","2025-26","Y",,,,,
"mkram6242@yopmail.com","mktest5","mktest5",,,,,,,,,,,,,"2024-06-24T19:10:04Z","2024-06-25T03:18:26Z","3f1f40eb-1bdb-44e6-92d5-a4fd8c98c869","2024-06-24T18:59:02Z",,"ZAARSKS","mktest5","2026","2025-26",,,,,,
"b14849-a@yopmail.com","Mark","B14849",,,,,,,,,,,,,"2024-05-31T19:20:04Z","2024-06-21T15:30:37Z","fbac0403-dc65-495b-a937-e4e1909f706d",,,"ZAARS99","Mark","2026","2025-26","Y",,,,,
"mintlgb@yopmail.com","mintlgb","Mintlgb",,,,,,,,,,,,,"2024-07-24T13:33:10Z","2024-07-24T14:00:36Z","4f7742a9-6e94-4522-aec5-d950a39b97e8",,,"ZAARSN7","mintlgb","2026","2025-26","Y",,,,,
"b14984-h3@yopmail.com","Mark","B14984-H3",,,,,,,,,,,,,"2024-05-04T10:00:05Z","2024-08-22T13:42:45Z","ad6c50ad-d80f-4d39-afb5-d65301545bf7",,,"ZAARS8L","Mark","2026","2025-26",,,,,,
"stest79@yopmail.com","Student","Test79",,,,,,,,,,,,,"2024-05-22T10:03:42Z","2024-08-22T13:42:45Z","2a2efea6-edd2-4a4d-9896-f269d35bb6b0",,,"ZAARSIP","Stu","2026","2025-26",,,,,,
"stest91@yopmail.com","Test91","Last91",,,,,,,,,,,,,"2024-07-25T17:33:42Z","2024-08-02T01:18:14Z","a7d0baa2-b6b0-403d-b27c-c17061c5ba71","2024-08-01T17:24:04Z",,"ZAARSN9","Test91","2026","2025-26",,,,,,
"document1@yopmail.com","Eric","Document1",,,,,,,,,,,,,"2024-06-07T12:10:04Z","2024-06-21T15:30:37Z","5dc2311e-35f3-4d6a-8002-52ecd3c98f10",,,"ZAARSJ4","Eric","2026","2025-26","Y",,,,,
"b14940-1@yopmail.com","Mark","B14940-1",,,,,,,,,,,,,"2024-04-30T17:00:05Z","2024-06-21T15:30:37Z","cf71f30f-49b7-43b5-9919-462101544d43",,,"ZAARSH9","Mark","2026","2025-26","Y",,,,,
"2526indep-1@yopmail.com","Mark","2526Indep-1",,,,,,,,,,,,,"2024-05-21T10:03:14Z","2024-05-21T10:03:44Z","1b27a800-d4d6-45de-8400-90f481ee382e",,,"ZAARSIJ",,"2026","2025-26",,,,,,
"testdicodes@yopmail.com","T","t",,,,,,,,,,,,,"2024-05-04T10:00:05Z","2024-08-22T13:42:45Z","005bd6f6-9d0a-476c-a11b-480966e9e9ee",,,"ZAARSHI","T","2026","2025-26",,,,,,
"mkram619@yopmail.com","mktest","Mktest",,,,,,,,,,,,,"2024-06-19T14:33:10Z","2024-06-21T15:30:37Z","3861ca45-01e6-4431-a5f7-994a2f92f704","2024-06-19T14:55:51Z",,"ZAARSKH","mktest","2026","2025-26","Y",,,,,
"returnstu@yopmail.com","Mom","Acorn",,,,,,,,,,,,,"2024-07-22T15:30:05Z","2024-07-22T15:30:36Z","3e38c9e7-f8f0-48b1-bb6d-b0e03bc2d23b",,,"ZAAR9Q2","Returnstu","2026","2025-26","Y",,,,,
